t,timestamp,value,regime_hint,source_y_name,y_units,original_index,source_y_name_ru,recommended_group,source_dataset
0,2014-02-14 14:27:00,51.846,normal,EC2 CPU utilization,%,0,загрузка процессора сервера EC2,main_recommended,NAB
1,2014-02-14 15:22:00,49.72,normal,EC2 CPU utilization,%,2,загрузка процессора сервера EC2,main_recommended,NAB
2,2014-02-14 16:02:00,50.224,normal,EC2 CPU utilization,%,4,загрузка процессора сервера EC2,main_recommended,NAB
3,2014-02-14 16:22:00,40.942,normal,EC2 CPU utilization,%,5,загрузка процессора сервера EC2,main_recommended,NAB
4,2014-02-14 17:17:00,40.23,normal,EC2 CPU utilization,%,7,загрузка процессора сервера EC2,main_recommended,NAB
5,2014-02-14 18:02:00,52.94,normal,EC2 CPU utilization,%,9,загрузка процессора сервера EC2,main_recommended,NAB
6,2014-02-14 18:42:00,53.17,normal,EC2 CPU utilization,%,11,загрузка процессора сервера EC2,main_recommended,NAB
7,2014-02-14 19:22:00,52.536,normal,EC2 CPU utilization,%,13,загрузка процессора сервера EC2,main_recommended,NAB
8,2014-02-14 19:42:00,45.4,normal,EC2 CPU utilization,%,14,загрузка процессора сервера EC2,main_recommended,NAB
9,2014-02-14 20:37:00,40.774,normal,EC2 CPU utilization,%,16,загрузка процессора сервера EC2,main_recommended,NAB
10,2014-02-14 21:17:00,40.4,normal,EC2 CPU utilization,%,18,загрузка процессора сервера EC2,main_recommended,NAB
11,2014-02-14 22:02:00,44.026,normal,EC2 CPU utilization,%,20,загрузка процессора сервера EC2,main_recommended,NAB
12,2014-02-14 22:42:00,44.834,normal,EC2 CPU utilization,%,22,загрузка процессора сервера EC2,main_recommended,NAB
13,2014-02-14 23:12:00,53.544,normal,EC2 CPU utilization,%,23,загрузка процессора сервера EC2,main_recommended,NAB
14,2014-02-14 23:52:00,52.364,normal,EC2 CPU utilization,%,25,загрузка процессора сервера EC2,main_recommended,NAB
15,2014-02-15 00:47:00,49.036,normal,EC2 CPU utilization,%,27,загрузка процессора сервера EC2,main_recommended,NAB
16,2014-02-15 01:22:00,42.88800000000001,normal,EC2 CPU utilization,%,29,загрузка процессора сервера EC2,main_recommended,NAB
17,2014-02-15 02:12:00,46.272,normal,EC2 CPU utilization,%,31,загрузка процессора сервера EC2,main_recommended,NAB
18,2014-02-15 02:32:00,52.63,normal,EC2 CPU utilization,%,32,загрузка процессора сервера EC2,main_recommended,NAB
19,2014-02-15 03:12:00,50.222,normal,EC2 CPU utilization,%,34,загрузка процессора сервера EC2,main_recommended,NAB
20,2014-02-15 04:07:00,50.658,normal,EC2 CPU utilization,%,36,загрузка процессора сервера EC2,main_recommended,NAB
21,2014-02-15 04:57:00,53.88800000000001,normal,EC2 CPU utilization,%,38,загрузка процессора сервера EC2,main_recommended,NAB
22,2014-02-15 05:37:00,52.368,normal,EC2 CPU utilization,%,40,загрузка процессора сервера EC2,main_recommended,NAB
23,2014-02-15 05:47:00,42.23,normal,EC2 CPU utilization,%,41,загрузка процессора сервера EC2,main_recommended,NAB
24,2014-02-15 06:52:00,41.08,normal,EC2 CPU utilization,%,43,загрузка процессора сервера EC2,main_recommended,NAB
25,2014-02-15 07:22:00,41.808,normal,EC2 CPU utilization,%,45,загрузка процессора сервера EC2,main_recommended,NAB
26,2014-02-15 08:02:00,41.902,normal,EC2 CPU utilization,%,47,загрузка процессора сервера EC2,main_recommended,NAB
27,2014-02-15 08:52:00,45.728,normal,EC2 CPU utilization,%,49,загрузка процессора сервера EC2,main_recommended,NAB
28,2014-02-15 09:22:00,40.892,normal,EC2 CPU utilization,%,50,загрузка процессора сервера EC2,main_recommended,NAB
29,2014-02-15 10:07:00,53.216,normal,EC2 CPU utilization,%,52,загрузка процессора сервера EC2,main_recommended,NAB
30,2014-02-15 10:47:00,51.738,normal,EC2 CPU utilization,%,54,загрузка процессора сервера EC2,main_recommended,NAB
31,2014-02-15 12:22:00,50.45,normal,EC2 CPU utilization,%,58,загрузка процессора сервера EC2,main_recommended,NAB
32,2014-02-15 12:42:00,41.526,normal,EC2 CPU utilization,%,59,загрузка процессора сервера EC2,main_recommended,NAB
33,2014-02-15 13:22:00,40.54,normal,EC2 CPU utilization,%,61,загрузка процессора сервера EC2,main_recommended,NAB
34,2014-02-15 14:07:00,55.154,normal,EC2 CPU utilization,%,63,загрузка процессора сервера EC2,main_recommended,NAB
35,2014-02-15 14:47:00,51.844,normal,EC2 CPU utilization,%,65,загрузка процессора сервера EC2,main_recommended,NAB
36,2014-02-15 15:42:00,52.348,normal,EC2 CPU utilization,%,67,загрузка процессора сервера EC2,main_recommended,NAB
37,2014-02-15 16:02:00,40.4,normal,EC2 CPU utilization,%,68,загрузка процессора сервера EC2,main_recommended,NAB
38,2014-02-15 16:57:00,43.092,normal,EC2 CPU utilization,%,70,загрузка процессора сервера EC2,main_recommended,NAB
39,2014-02-15 17:37:00,39.554,normal,EC2 CPU utilization,%,72,загрузка процессора сервера EC2,main_recommended,NAB
40,2014-02-15 18:17:00,40.234,normal,EC2 CPU utilization,%,74,загрузка процессора сервера EC2,main_recommended,NAB
41,2014-02-15 18:57:00,43.51,normal,EC2 CPU utilization,%,76,загрузка процессора сервера EC2,main_recommended,NAB
42,2014-02-15 19:27:00,52.98,normal,EC2 CPU utilization,%,77,загрузка процессора сервера EC2,main_recommended,NAB
43,2014-02-15 20:07:00,54.264,normal,EC2 CPU utilization,%,79,загрузка процессора сервера EC2,main_recommended,NAB
44,2014-02-15 20:47:00,53.522,normal,EC2 CPU utilization,%,81,загрузка процессора сервера EC2,main_recommended,NAB
45,2014-02-15 21:42:00,48.216,normal,EC2 CPU utilization,%,83,загрузка процессора сервера EC2,main_recommended,NAB
46,2014-02-15 22:17:00,41.82,normal,EC2 CPU utilization,%,85,загрузка процессора сервера EC2,main_recommended,NAB
47,2014-02-15 22:47:00,51.572,normal,EC2 CPU utilization,%,86,загрузка процессора сервера EC2,main_recommended,NAB
48,2014-02-15 23:27:00,53.298,normal,EC2 CPU utilization,%,88,загрузка процессора сервера EC2,main_recommended,NAB
49,2014-02-16 00:07:00,52.73,normal,EC2 CPU utilization,%,90,загрузка процессора сервера EC2,main_recommended,NAB
50,2014-02-16 01:07:00,51.408,normal,EC2 CPU utilization,%,92,загрузка процессора сервера EC2,main_recommended,NAB
51,2014-02-16 01:42:00,49.24800000000001,normal,EC2 CPU utilization,%,94,загрузка процессора сервера EC2,main_recommended,NAB
52,2014-02-16 02:02:00,42.066,normal,EC2 CPU utilization,%,95,загрузка процессора сервера EC2,main_recommended,NAB
53,2014-02-16 02:52:00,46.11,normal,EC2 CPU utilization,%,97,загрузка процессора сервера EC2,main_recommended,NAB
54,2014-02-16 03:37:00,43.404,normal,EC2 CPU utilization,%,99,загрузка процессора сервера EC2,main_recommended,NAB
55,2014-02-16 04:17:00,41.292,normal,EC2 CPU utilization,%,101,загрузка процессора сервера EC2,main_recommended,NAB
56,2014-02-16 05:12:00,41.11600000000001,normal,EC2 CPU utilization,%,103,загрузка процессора сервера EC2,main_recommended,NAB
57,2014-02-16 05:42:00,52.652,normal,EC2 CPU utilization,%,104,загрузка процессора сервера EC2,main_recommended,NAB
58,2014-02-16 06:22:00,52.972,normal,EC2 CPU utilization,%,106,загрузка процессора сервера EC2,main_recommended,NAB
59,2014-02-16 07:02:00,52.724,normal,EC2 CPU utilization,%,108,загрузка процессора сервера EC2,main_recommended,NAB
60,2014-02-16 07:57:00,54.828,normal,EC2 CPU utilization,%,110,загрузка процессора сервера EC2,main_recommended,NAB
61,2014-02-16 08:22:00,50.678,normal,EC2 CPU utilization,%,112,загрузка процессора сервера EC2,main_recommended,NAB
62,2014-02-16 08:57:00,41.854,normal,EC2 CPU utilization,%,113,загрузка процессора сервера EC2,main_recommended,NAB
63,2014-02-16 09:37:00,41.714,normal,EC2 CPU utilization,%,115,загрузка процессора сервера EC2,main_recommended,NAB
64,2014-02-16 10:17:00,40.234,normal,EC2 CPU utilization,%,117,загрузка процессора сервера EC2,main_recommended,NAB
65,2014-02-16 11:12:00,39.678,normal,EC2 CPU utilization,%,119,загрузка процессора сервера EC2,main_recommended,NAB
66,2014-02-16 11:52:00,39.738,normal,EC2 CPU utilization,%,121,загрузка процессора сервера EC2,main_recommended,NAB
67,2014-02-16 12:22:00,50.13,normal,EC2 CPU utilization,%,122,загрузка процессора сервера EC2,main_recommended,NAB
68,2014-02-16 12:52:00,48.45,normal,EC2 CPU utilization,%,124,загрузка процессора сервера EC2,main_recommended,NAB
69,2014-02-16 13:52:00,39.772,normal,EC2 CPU utilization,%,126,загрузка процессора сервера EC2,main_recommended,NAB
70,2014-02-16 14:32:00,39.718,normal,EC2 CPU utilization,%,128,загрузка процессора сервера EC2,main_recommended,NAB
71,2014-02-16 15:17:00,51.13399999999999,normal,EC2 CPU utilization,%,130,загрузка процессора сервера EC2,main_recommended,NAB
72,2014-02-16 15:27:00,41.58,normal,EC2 CPU utilization,%,131,загрузка процессора сервера EC2,main_recommended,NAB
73,2014-02-16 16:32:00,40.282,normal,EC2 CPU utilization,%,133,загрузка процессора сервера EC2,main_recommended,NAB
74,2014-02-16 17:02:00,43.192,normal,EC2 CPU utilization,%,135,загрузка процессора сервера EC2,main_recommended,NAB
75,2014-02-16 17:42:00,42.958,normal,EC2 CPU utilization,%,137,загрузка процессора сервера EC2,main_recommended,NAB
76,2014-02-16 18:47:00,40.774,normal,EC2 CPU utilization,%,139,загрузка процессора сервера EC2,main_recommended,NAB
77,2014-02-16 18:52:00,52.0,normal,EC2 CPU utilization,%,140,загрузка процессора сервера EC2,main_recommended,NAB
78,2014-02-16 19:47:00,51.808,normal,EC2 CPU utilization,%,142,загрузка процессора сервера EC2,main_recommended,NAB
79,2014-02-16 20:37:00,40.37,normal,EC2 CPU utilization,%,144,загрузка процессора сервера EC2,main_recommended,NAB
80,2014-02-16 21:17:00,39.954,normal,EC2 CPU utilization,%,146,загрузка процессора сервера EC2,main_recommended,NAB
81,2014-02-16 21:57:00,42.652,normal,EC2 CPU utilization,%,148,загрузка процессора сервера EC2,main_recommended,NAB
82,2014-02-16 22:17:00,51.76,normal,EC2 CPU utilization,%,149,загрузка процессора сервера EC2,main_recommended,NAB
83,2014-02-16 22:57:00,52.91,normal,EC2 CPU utilization,%,151,загрузка процессора сервера EC2,main_recommended,NAB
84,2014-02-16 23:52:00,49.622,normal,EC2 CPU utilization,%,153,загрузка процессора сервера EC2,main_recommended,NAB
85,2014-02-17 00:32:00,51.386,normal,EC2 CPU utilization,%,155,загрузка процессора сервера EC2,main_recommended,NAB
86,2014-02-17 01:12:00,51.996,normal,EC2 CPU utilization,%,157,загрузка процессора сервера EC2,main_recommended,NAB
87,2014-02-17 01:47:00,39.95,normal,EC2 CPU utilization,%,158,загрузка процессора сервера EC2,main_recommended,NAB
88,2014-02-17 02:27:00,40.54,normal,EC2 CPU utilization,%,160,загрузка процессора сервера EC2,main_recommended,NAB
89,2014-02-17 03:07:00,43.486,normal,EC2 CPU utilization,%,162,загрузка процессора сервера EC2,main_recommended,NAB
90,2014-02-17 03:47:00,42.668,normal,EC2 CPU utilization,%,164,загрузка процессора сервера EC2,main_recommended,NAB
91,2014-02-17 04:57:00,53.17,normal,EC2 CPU utilization,%,167,загрузка процессора сервера EC2,main_recommended,NAB
92,2014-02-17 05:52:00,50.07,normal,EC2 CPU utilization,%,169,загрузка процессора сервера EC2,main_recommended,NAB
93,2014-02-17 06:32:00,47.768,normal,EC2 CPU utilization,%,171,загрузка процессора сервера EC2,main_recommended,NAB
94,2014-02-17 07:17:00,39.882,normal,EC2 CPU utilization,%,173,загрузка процессора сервера EC2,main_recommended,NAB
95,2014-02-17 08:12:00,40.094,normal,EC2 CPU utilization,%,175,загрузка процессора сервера EC2,main_recommended,NAB
96,2014-02-17 08:17:00,52.59,normal,EC2 CPU utilization,%,176,загрузка процессора сервера EC2,main_recommended,NAB
97,2014-02-17 09:12:00,48.428,normal,EC2 CPU utilization,%,178,загрузка процессора сервера EC2,main_recommended,NAB
98,2014-02-17 09:52:00,48.756,normal,EC2 CPU utilization,%,180,загрузка процессора сервера EC2,main_recommended,NAB
99,2014-02-17 10:32:00,49.174,normal,EC2 CPU utilization,%,182,загрузка процессора сервера EC2,main_recommended,NAB
100,2014-02-17 11:22:00,42.948,normal,EC2 CPU utilization,%,184,загрузка процессора сервера EC2,main_recommended,NAB
101,2014-02-17 11:52:00,51.104,normal,EC2 CPU utilization,%,185,загрузка процессора сервера EC2,main_recommended,NAB
102,2014-02-17 12:32:00,51.466,normal,EC2 CPU utilization,%,187,загрузка процессора сервера EC2,main_recommended,NAB
103,2014-02-17 13:12:00,52.536,normal,EC2 CPU utilization,%,189,загрузка процессора сервера EC2,main_recommended,NAB
104,2014-02-17 14:07:00,49.882,normal,EC2 CPU utilization,%,191,загрузка процессора сервера EC2,main_recommended,NAB
105,2014-02-17 14:57:00,53.49800000000001,normal,EC2 CPU utilization,%,193,загрузка процессора сервера EC2,main_recommended,NAB
106,2014-02-17 15:07:00,43.816,normal,EC2 CPU utilization,%,194,загрузка процессора сервера EC2,main_recommended,NAB
107,2014-02-17 15:47:00,42.306,normal,EC2 CPU utilization,%,196,загрузка процессора сервера EC2,main_recommended,NAB
108,2014-02-17 16:32:00,50.88,normal,EC2 CPU utilization,%,198,загрузка процессора сервера EC2,main_recommended,NAB
109,2014-02-17 17:32:00,39.86,normal,EC2 CPU utilization,%,200,загрузка процессора сервера EC2,main_recommended,NAB
110,2014-02-17 18:12:00,40.122,normal,EC2 CPU utilization,%,202,загрузка процессора сервера EC2,main_recommended,NAB
111,2014-02-17 18:32:00,50.426,normal,EC2 CPU utilization,%,203,загрузка процессора сервера EC2,main_recommended,NAB
112,2014-02-17 19:12:00,49.272,normal,EC2 CPU utilization,%,205,загрузка процессора сервера EC2,main_recommended,NAB
113,2014-02-17 19:52:00,49.084,normal,EC2 CPU utilization,%,207,загрузка процессора сервера EC2,main_recommended,NAB
114,2014-02-17 20:37:00,40.34,normal,EC2 CPU utilization,%,209,загрузка процессора сервера EC2,main_recommended,NAB
115,2014-02-17 21:22:00,52.676,normal,EC2 CPU utilization,%,211,загрузка процессора сервера EC2,main_recommended,NAB
116,2014-02-17 21:47:00,43.732,normal,EC2 CPU utilization,%,212,загрузка процессора сервера EC2,main_recommended,NAB
117,2014-02-17 22:37:00,40.492,normal,EC2 CPU utilization,%,214,загрузка процессора сервера EC2,main_recommended,NAB
118,2014-02-17 23:17:00,41.29600000000001,normal,EC2 CPU utilization,%,216,загрузка процессора сервера EC2,main_recommended,NAB
119,2014-02-18 00:02:00,54.084,normal,EC2 CPU utilization,%,218,загрузка процессора сервера EC2,main_recommended,NAB
120,2014-02-18 00:57:00,50.952,normal,EC2 CPU utilization,%,220,загрузка процессора сервера EC2,main_recommended,NAB
121,2014-02-18 01:17:00,40.61,normal,EC2 CPU utilization,%,221,загрузка процессора сервера EC2,main_recommended,NAB
122,2014-02-18 01:57:00,44.90600000000001,normal,EC2 CPU utilization,%,223,загрузка процессора сервера EC2,main_recommended,NAB
123,2014-02-18 02:37:00,43.85,normal,EC2 CPU utilization,%,225,загрузка процессора сервера EC2,main_recommended,NAB
124,2014-02-18 03:42:00,40.216,normal,EC2 CPU utilization,%,227,загрузка процессора сервера EC2,main_recommended,NAB
125,2014-02-18 04:22:00,41.43,normal,EC2 CPU utilization,%,229,загрузка процессора сервера EC2,main_recommended,NAB
126,2014-02-18 04:42:00,50.47,normal,EC2 CPU utilization,%,230,загрузка процессора сервера EC2,main_recommended,NAB
127,2014-02-18 05:22:00,50.56,normal,EC2 CPU utilization,%,232,загрузка процессора сервера EC2,main_recommended,NAB
128,2014-02-18 06:02:00,49.53,normal,EC2 CPU utilization,%,234,загрузка процессора сервера EC2,main_recommended,NAB
129,2014-02-18 07:02:00,40.132,normal,EC2 CPU utilization,%,236,загрузка процессора сервера EC2,main_recommended,NAB
130,2014-02-18 07:42:00,41.302,normal,EC2 CPU utilization,%,238,загрузка процессора сервера EC2,main_recommended,NAB
131,2014-02-18 08:02:00,49.882,normal,EC2 CPU utilization,%,239,загрузка процессора сервера EC2,main_recommended,NAB
132,2014-02-18 08:42:00,50.0,normal,EC2 CPU utilization,%,241,загрузка процессора сервера EC2,main_recommended,NAB
133,2014-02-18 09:22:00,52.23,normal,EC2 CPU utilization,%,243,загрузка процессора сервера EC2,main_recommended,NAB
134,2014-02-18 10:22:00,40.978,normal,EC2 CPU utilization,%,245,загрузка процессора сервера EC2,main_recommended,NAB
135,2014-02-18 11:02:00,42.39,normal,EC2 CPU utilization,%,247,загрузка процессора сервера EC2,main_recommended,NAB
136,2014-02-18 11:32:00,53.17,normal,EC2 CPU utilization,%,248,загрузка процессора сервера EC2,main_recommended,NAB
137,2014-02-18 12:02:00,49.174,normal,EC2 CPU utilization,%,250,загрузка процессора сервера EC2,main_recommended,NAB
138,2014-02-18 12:52:00,53.286,normal,EC2 CPU utilization,%,252,загрузка процессора сервера EC2,main_recommended,NAB
139,2014-02-18 13:32:00,48.944,normal,EC2 CPU utilization,%,254,загрузка процессора сервера EC2,main_recommended,NAB
140,2014-02-18 14:12:00,49.82,normal,EC2 CPU utilization,%,256,загрузка процессора сервера EC2,main_recommended,NAB
141,2014-02-18 14:47:00,42.536,normal,EC2 CPU utilization,%,257,загрузка процессора сервера EC2,main_recommended,NAB
142,2014-02-18 15:27:00,40.958,normal,EC2 CPU utilization,%,259,загрузка процессора сервера EC2,main_recommended,NAB
143,2014-02-18 15:47:00,47.738,normal,EC2 CPU utilization,%,260,загрузка процессора сервера EC2,main_recommended,NAB
144,2014-02-18 16:12:00,52.348,anomaly_window_1,EC2 CPU utilization,%,261,загрузка процессора сервера EC2,main_recommended,NAB
145,2014-02-18 16:47:00,40.634,anomaly_window_1,EC2 CPU utilization,%,262,загрузка процессора сервера EC2,main_recommended,NAB
146,2014-02-18 16:52:00,52.112,anomaly_window_1,EC2 CPU utilization,%,263,загрузка процессора сервера EC2,main_recommended,NAB
147,2014-02-18 17:37:00,47.348,anomaly_window_1,EC2 CPU utilization,%,265,загрузка процессора сервера EC2,main_recommended,NAB
148,2014-02-18 17:57:00,54.036,anomaly_window_1,EC2 CPU utilization,%,266,загрузка процессора сервера EC2,main_recommended,NAB
149,2014-02-18 18:52:00,52.846,anomaly_window_1,EC2 CPU utilization,%,268,загрузка процессора сервера EC2,main_recommended,NAB
150,2014-02-18 19:32:00,49.29600000000001,anomaly_window_1,EC2 CPU utilization,%,270,загрузка процессора сервера EC2,main_recommended,NAB
151,2014-02-18 20:32:00,40.78,anomaly_window_1,EC2 CPU utilization,%,272,загрузка процессора сервера EC2,main_recommended,NAB
152,2014-02-18 21:17:00,53.146,anomaly_window_1,EC2 CPU utilization,%,274,загрузка процессора сервера EC2,main_recommended,NAB
153,2014-02-18 21:37:00,40.052,anomaly_window_1,EC2 CPU utilization,%,275,загрузка процессора сервера EC2,main_recommended,NAB
154,2014-02-18 22:17:00,40.54,anomaly_window_1,EC2 CPU utilization,%,277,загрузка процессора сервера EC2,main_recommended,NAB
155,2014-02-18 22:57:00,44.482,anomaly_window_1,EC2 CPU utilization,%,279,загрузка процессора сервера EC2,main_recommended,NAB
156,2014-02-19 00:27:00,42.08600000000001,anomaly_window_1,EC2 CPU utilization,%,283,загрузка процессора сервера EC2,main_recommended,NAB
157,2014-02-19 00:57:00,54.058,anomaly_window_1,EC2 CPU utilization,%,284,загрузка процессора сервера EC2,main_recommended,NAB
158,2014-02-19 01:37:00,49.22,anomaly_window_1,EC2 CPU utilization,%,286,загрузка процессора сервера EC2,main_recommended,NAB
159,2014-02-19 02:27:00,50.51,anomaly_window_1,EC2 CPU utilization,%,288,загрузка процессора сервера EC2,main_recommended,NAB
160,2014-02-19 02:57:00,48.29600000000001,anomaly_window_1,EC2 CPU utilization,%,290,загрузка процессора сервера EC2,main_recommended,NAB
161,2014-02-19 03:47:00,51.706,anomaly_window_1,EC2 CPU utilization,%,292,загрузка процессора сервера EC2,main_recommended,NAB
162,2014-02-19 04:07:00,42.09,anomaly_window_1,EC2 CPU utilization,%,293,загрузка процессора сервера EC2,main_recommended,NAB
163,2014-02-19 05:07:00,52.184,anomaly_window_1,EC2 CPU utilization,%,295,загрузка процессора сервера EC2,main_recommended,NAB
164,2014-02-19 05:47:00,49.648,anomaly_window_1,EC2 CPU utilization,%,297,загрузка процессора сервера EC2,main_recommended,NAB
165,2014-02-19 06:37:00,39.954,anomaly_window_1,EC2 CPU utilization,%,299,загрузка процессора сервера EC2,main_recommended,NAB
166,2014-02-19 07:17:00,39.672,anomaly_window_1,EC2 CPU utilization,%,301,загрузка процессора сервера EC2,main_recommended,NAB
167,2014-02-19 07:37:00,46.738,anomaly_window_1,EC2 CPU utilization,%,302,загрузка процессора сервера EC2,main_recommended,NAB
168,2014-02-19 08:12:00,41.408,anomaly_window_1,EC2 CPU utilization,%,304,загрузка процессора сервера EC2,main_recommended,NAB
169,2014-02-19 08:42:00,51.012,anomaly_window_1,EC2 CPU utilization,%,305,загрузка процессора сервера EC2,main_recommended,NAB
170,2014-02-19 09:02:00,42.488,normal,EC2 CPU utilization,%,306,загрузка процессора сервера EC2,main_recommended,NAB
171,2014-02-19 09:37:00,51.142,normal,EC2 CPU utilization,%,307,загрузка процессора сервера EC2,main_recommended,NAB
172,2014-02-19 09:47:00,39.882,normal,EC2 CPU utilization,%,308,загрузка процессора сервера EC2,main_recommended,NAB
173,2014-02-19 10:27:00,39.906,normal,EC2 CPU utilization,%,310,загрузка процессора сервера EC2,main_recommended,NAB
174,2014-02-19 10:47:00,45.916,normal,EC2 CPU utilization,%,311,загрузка процессора сервера EC2,main_recommended,NAB
175,2014-02-19 11:52:00,49.164,normal,EC2 CPU utilization,%,313,загрузка процессора сервера EC2,main_recommended,NAB
176,2014-02-19 12:22:00,46.052,normal,EC2 CPU utilization,%,315,загрузка процессора сервера EC2,main_recommended,NAB
177,2014-02-19 13:02:00,48.63399999999999,normal,EC2 CPU utilization,%,317,загрузка процессора сервера EC2,main_recommended,NAB
178,2014-02-19 13:57:00,48.31,normal,EC2 CPU utilization,%,319,загрузка процессора сервера EC2,main_recommended,NAB
179,2014-02-19 14:17:00,39.882,normal,EC2 CPU utilization,%,320,загрузка процессора сервера EC2,main_recommended,NAB
180,2014-02-19 15:02:00,43.76600000000001,normal,EC2 CPU utilization,%,322,загрузка процессора сервера EC2,main_recommended,NAB
181,2014-02-19 15:42:00,39.718,normal,EC2 CPU utilization,%,324,загрузка процессора сервера EC2,main_recommended,NAB
182,2014-02-19 16:27:00,43.896,normal,EC2 CPU utilization,%,326,загрузка процессора сервера EC2,main_recommended,NAB
183,2014-02-19 17:07:00,41.996,normal,EC2 CPU utilization,%,328,загрузка процессора сервера EC2,main_recommended,NAB
184,2014-02-19 17:42:00,46.22,normal,EC2 CPU utilization,%,329,загрузка процессора сервера EC2,main_recommended,NAB
185,2014-02-19 18:22:00,46.482,normal,EC2 CPU utilization,%,331,загрузка процессора сервера EC2,main_recommended,NAB
186,2014-02-19 19:02:00,46.666,normal,EC2 CPU utilization,%,333,загрузка процессора сервера EC2,main_recommended,NAB
187,2014-02-19 19:57:00,50.63,normal,EC2 CPU utilization,%,335,загрузка процессора сервера EC2,main_recommended,NAB
188,2014-02-19 20:37:00,49.028,normal,EC2 CPU utilization,%,337,загрузка процессора сервера EC2,main_recommended,NAB
189,2014-02-19 21:12:00,38.802,normal,EC2 CPU utilization,%,338,загрузка процессора сервера EC2,main_recommended,NAB
190,2014-02-19 21:57:00,50.556,normal,EC2 CPU utilization,%,340,загрузка процессора сервера EC2,main_recommended,NAB
191,2014-02-19 22:37:00,48.782,normal,EC2 CPU utilization,%,342,загрузка процессора сервера EC2,main_recommended,NAB
192,2014-02-19 23:17:00,48.896,normal,EC2 CPU utilization,%,344,загрузка процессора сервера EC2,main_recommended,NAB
193,2014-02-19 23:57:00,50.95399999999999,normal,EC2 CPU utilization,%,346,загрузка процессора сервера EC2,main_recommended,NAB
194,2014-02-20 00:32:00,39.264,normal,EC2 CPU utilization,%,347,загрузка процессора сервера EC2,main_recommended,NAB
195,2014-02-20 01:12:00,38.524,normal,EC2 CPU utilization,%,349,загрузка процессора сервера EC2,main_recommended,NAB
196,2014-02-20 01:57:00,51.292,normal,EC2 CPU utilization,%,351,загрузка процессора сервера EC2,main_recommended,NAB
197,2014-02-20 02:37:00,49.202,normal,EC2 CPU utilization,%,353,загрузка процессора сервера EC2,main_recommended,NAB
198,2014-02-20 03:17:00,48.57,normal,EC2 CPU utilization,%,355,загрузка процессора сервера EC2,main_recommended,NAB
199,2014-02-20 03:52:00,38.61,normal,EC2 CPU utilization,%,356,загрузка процессора сервера EC2,main_recommended,NAB
200,2014-02-20 04:32:00,39.788,normal,EC2 CPU utilization,%,358,загрузка процессора сервера EC2,main_recommended,NAB
201,2014-02-20 05:12:00,40.796,normal,EC2 CPU utilization,%,360,загрузка процессора сервера EC2,main_recommended,NAB
202,2014-02-20 05:52:00,39.576,normal,EC2 CPU utilization,%,362,загрузка процессора сервера EC2,main_recommended,NAB
203,2014-02-20 06:47:00,42.442,normal,EC2 CPU utilization,%,364,загрузка процессора сервера EC2,main_recommended,NAB
204,2014-02-20 07:02:00,49.084,normal,EC2 CPU utilization,%,365,загрузка процессора сервера EC2,main_recommended,NAB
205,2014-02-20 07:57:00,48.428,normal,EC2 CPU utilization,%,367,загрузка процессора сервера EC2,main_recommended,NAB
206,2014-02-20 08:37:00,49.434,normal,EC2 CPU utilization,%,369,загрузка процессора сервера EC2,main_recommended,NAB
207,2014-02-20 09:17:00,46.29600000000001,normal,EC2 CPU utilization,%,371,загрузка процессора сервера EC2,main_recommended,NAB
208,2014-02-20 09:57:00,50.828,normal,EC2 CPU utilization,%,373,загрузка процессора сервера EC2,main_recommended,NAB
209,2014-02-20 10:32:00,38.874,normal,EC2 CPU utilization,%,374,загрузка процессора сервера EC2,main_recommended,NAB
210,2014-02-20 11:12:00,38.356,normal,EC2 CPU utilization,%,376,загрузка процессора сервера EC2,main_recommended,NAB
211,2014-02-20 11:57:00,50.932,normal,EC2 CPU utilization,%,378,загрузка процессора сервера EC2,main_recommended,NAB
212,2014-02-20 12:37:00,48.31,normal,EC2 CPU utilization,%,380,загрузка процессора сервера EC2,main_recommended,NAB
213,2014-02-20 13:32:00,45.37600000000001,normal,EC2 CPU utilization,%,382,загрузка процессора сервера EC2,main_recommended,NAB
214,2014-02-20 13:52:00,39.878,normal,EC2 CPU utilization,%,383,загрузка процессора сервера EC2,main_recommended,NAB
215,2014-02-20 14:37:00,49.514,normal,EC2 CPU utilization,%,385,загрузка процессора сервера EC2,main_recommended,NAB
216,2014-02-20 15:17:00,45.63399999999999,normal,EC2 CPU utilization,%,387,загрузка процессора сервера EC2,main_recommended,NAB
217,2014-02-20 15:57:00,47.84,normal,EC2 CPU utilization,%,389,загрузка процессора сервера EC2,main_recommended,NAB
218,2014-02-20 17:02:00,48.45,normal,EC2 CPU utilization,%,391,загрузка процессора сервера EC2,main_recommended,NAB
219,2014-02-20 17:12:00,40.54,normal,EC2 CPU utilization,%,392,загрузка процессора сервера EC2,main_recommended,NAB
220,2014-02-20 18:37:00,49.152,normal,EC2 CPU utilization,%,396,загрузка процессора сервера EC2,main_recommended,NAB
221,2014-02-20 19:32:00,49.428,normal,EC2 CPU utilization,%,398,загрузка процессора сервера EC2,main_recommended,NAB
222,2014-02-20 20:12:00,47.018,normal,EC2 CPU utilization,%,400,загрузка процессора сервера EC2,main_recommended,NAB
223,2014-02-20 20:47:00,38.896,normal,EC2 CPU utilization,%,401,загрузка процессора сервера EC2,main_recommended,NAB
224,2014-02-20 21:27:00,39.66,normal,EC2 CPU utilization,%,403,загрузка процессора сервера EC2,main_recommended,NAB
225,2014-02-20 22:07:00,40.61,normal,EC2 CPU utilization,%,405,загрузка процессора сервера EC2,main_recommended,NAB
226,2014-02-20 22:47:00,39.554,normal,EC2 CPU utilization,%,407,загрузка процессора сервера EC2,main_recommended,NAB
227,2014-02-20 23:37:00,40.282,normal,EC2 CPU utilization,%,409,загрузка процессора сервера EC2,main_recommended,NAB
228,2014-02-21 00:07:00,46.486,normal,EC2 CPU utilization,%,410,загрузка процессора сервера EC2,main_recommended,NAB
229,2014-02-21 00:42:00,49.062,normal,EC2 CPU utilization,%,412,загрузка процессора сервера EC2,main_recommended,NAB
230,2014-02-21 01:32:00,45.916,normal,EC2 CPU utilization,%,414,загрузка процессора сервера EC2,main_recommended,NAB
231,2014-02-21 02:07:00,46.22,normal,EC2 CPU utilization,%,416,загрузка процессора сервера EC2,main_recommended,NAB
232,2014-02-21 02:57:00,51.83,normal,EC2 CPU utilization,%,418,загрузка процессора сервера EC2,main_recommended,NAB
233,2014-02-21 03:17:00,38.662,normal,EC2 CPU utilization,%,419,загрузка процессора сервера EC2,main_recommended,NAB
234,2014-02-21 04:07:00,41.31399999999999,normal,EC2 CPU utilization,%,421,загрузка процессора сервера EC2,main_recommended,NAB
235,2014-02-21 04:47:00,42.092,normal,EC2 CPU utilization,%,423,загрузка процессора сервера EC2,main_recommended,NAB
236,2014-02-21 05:32:00,41.988,normal,EC2 CPU utilization,%,425,загрузка процессора сервера EC2,main_recommended,NAB
237,2014-02-21 06:12:00,40.338,normal,EC2 CPU utilization,%,427,загрузка процессора сервера EC2,main_recommended,NAB
238,2014-02-21 06:42:00,47.418,normal,EC2 CPU utilization,%,428,загрузка процессора сервера EC2,main_recommended,NAB
239,2014-02-21 07:22:00,44.014,normal,EC2 CPU utilization,%,430,загрузка процессора сервера EC2,main_recommended,NAB
240,2014-02-21 08:12:00,49.108,normal,EC2 CPU utilization,%,432,загрузка процессора сервера EC2,main_recommended,NAB
241,2014-02-21 09:02:00,49.06800000000001,normal,EC2 CPU utilization,%,434,загрузка процессора сервера EC2,main_recommended,NAB
242,2014-02-21 09:52:00,48.63800000000001,normal,EC2 CPU utilization,%,436,загрузка процессора сервера EC2,main_recommended,NAB
243,2014-02-21 10:02:00,41.36,normal,EC2 CPU utilization,%,437,загрузка процессора сервера EC2,main_recommended,NAB
244,2014-02-21 10:57:00,51.032,normal,EC2 CPU utilization,%,439,загрузка процессора сервера EC2,main_recommended,NAB
245,2014-02-21 11:42:00,38.486,normal,EC2 CPU utilization,%,441,загрузка процессора сервера EC2,main_recommended,NAB
246,2014-02-21 12:17:00,41.878,normal,EC2 CPU utilization,%,443,загрузка процессора сервера EC2,main_recommended,NAB
247,2014-02-21 12:57:00,41.426,normal,EC2 CPU utilization,%,445,загрузка процессора сервера EC2,main_recommended,NAB
248,2014-02-21 13:27:00,46.374,normal,EC2 CPU utilization,%,446,загрузка процессора сервера EC2,main_recommended,NAB
249,2014-02-21 14:17:00,48.942,normal,EC2 CPU utilization,%,448,загрузка процессора сервера EC2,main_recommended,NAB
250,2014-02-21 14:57:00,45.234,normal,EC2 CPU utilization,%,450,загрузка процессора сервера EC2,main_recommended,NAB
251,2014-02-21 15:32:00,47.06,normal,EC2 CPU utilization,%,452,загрузка процессора сервера EC2,main_recommended,NAB
252,2014-02-21 15:52:00,39.014,normal,EC2 CPU utilization,%,453,загрузка процессора сервера EC2,main_recommended,NAB
253,2014-02-21 16:57:00,50.978,normal,EC2 CPU utilization,%,455,загрузка процессора сервера EC2,main_recommended,NAB
254,2014-02-21 17:37:00,46.342,normal,EC2 CPU utilization,%,457,загрузка процессора сервера EC2,main_recommended,NAB
255,2014-02-21 18:27:00,46.45,normal,EC2 CPU utilization,%,459,загрузка процессора сервера EC2,main_recommended,NAB
256,2014-02-21 18:52:00,45.798,normal,EC2 CPU utilization,%,461,загрузка процессора сервера EC2,main_recommended,NAB
257,2014-02-21 19:32:00,41.552,normal,EC2 CPU utilization,%,462,загрузка процессора сервера EC2,main_recommended,NAB
258,2014-02-21 20:07:00,46.62,normal,EC2 CPU utilization,%,464,загрузка процессора сервера EC2,main_recommended,NAB
259,2014-02-21 20:57:00,46.018,normal,EC2 CPU utilization,%,466,загрузка процессора сервера EC2,main_recommended,NAB
260,2014-02-21 21:32:00,47.35,normal,EC2 CPU utilization,%,468,загрузка процессора сервера EC2,main_recommended,NAB
261,2014-02-21 22:32:00,48.45,normal,EC2 CPU utilization,%,470,загрузка процессора сервера EC2,main_recommended,NAB
262,2014-02-21 22:37:00,41.428,normal,EC2 CPU utilization,%,471,загрузка процессора сервера EC2,main_recommended,NAB
263,2014-02-21 23:22:00,47.746,normal,EC2 CPU utilization,%,473,загрузка процессора сервера EC2,main_recommended,NAB
264,2014-02-22 00:12:00,46.916,normal,EC2 CPU utilization,%,475,загрузка процессора сервера EC2,main_recommended,NAB
265,2014-02-22 01:02:00,49.562,normal,EC2 CPU utilization,%,477,загрузка процессора сервера EC2,main_recommended,NAB
266,2014-02-22 01:37:00,48.99,normal,EC2 CPU utilization,%,479,загрузка процессора сервера EC2,main_recommended,NAB
267,2014-02-22 02:02:00,49.578,normal,EC2 CPU utilization,%,480,загрузка процессора сервера EC2,main_recommended,NAB
268,2014-02-22 02:52:00,46.62,normal,EC2 CPU utilization,%,482,загрузка процессора сервера EC2,main_recommended,NAB
269,2014-02-22 03:42:00,47.37,normal,EC2 CPU utilization,%,484,загрузка процессора сервера EC2,main_recommended,NAB
270,2014-02-22 04:32:00,46.38399999999999,normal,EC2 CPU utilization,%,486,загрузка процессора сервера EC2,main_recommended,NAB
271,2014-02-22 05:07:00,50.938,normal,EC2 CPU utilization,%,488,загрузка процессора сервера EC2,main_recommended,NAB
272,2014-02-22 05:27:00,39.506,normal,EC2 CPU utilization,%,489,загрузка процессора сервера EC2,main_recommended,NAB
273,2014-02-22 06:17:00,38.522,normal,EC2 CPU utilization,%,491,загрузка процессора сервера EC2,main_recommended,NAB
274,2014-02-22 06:52:00,42.13,normal,EC2 CPU utilization,%,493,загрузка процессора сервера EC2,main_recommended,NAB
275,2014-02-22 07:42:00,41.57,normal,EC2 CPU utilization,%,495,загрузка процессора сервера EC2,main_recommended,NAB
276,2014-02-22 08:22:00,39.8,normal,EC2 CPU utilization,%,497,загрузка процессора сервера EC2,main_recommended,NAB
277,2014-02-22 08:52:00,47.09,normal,EC2 CPU utilization,%,498,загрузка процессора сервера EC2,main_recommended,NAB
278,2014-02-22 09:27:00,44.934,normal,EC2 CPU utilization,%,500,загрузка процессора сервера EC2,main_recommended,NAB
279,2014-02-22 10:12:00,42.558,normal,EC2 CPU utilization,%,502,загрузка процессора сервера EC2,main_recommended,NAB
280,2014-02-22 11:52:00,38.632,normal,EC2 CPU utilization,%,506,загрузка процессора сервера EC2,main_recommended,NAB
281,2014-02-22 12:22:00,49.694,normal,EC2 CPU utilization,%,507,загрузка процессора сервера EC2,main_recommended,NAB
282,2014-02-22 12:57:00,45.47,normal,EC2 CPU utilization,%,509,загрузка процессора сервера EC2,main_recommended,NAB
283,2014-02-22 13:47:00,48.07,normal,EC2 CPU utilization,%,511,загрузка процессора сервера EC2,main_recommended,NAB
284,2014-02-22 14:37:00,49.14,normal,EC2 CPU utilization,%,513,загрузка процессора сервера EC2,main_recommended,NAB
285,2014-02-22 15:22:00,40.234,normal,EC2 CPU utilization,%,515,загрузка процессора сервера EC2,main_recommended,NAB
286,2014-02-22 15:27:00,46.55,normal,EC2 CPU utilization,%,516,загрузка процессора сервера EC2,main_recommended,NAB
287,2014-02-22 16:22:00,38.874,normal,EC2 CPU utilization,%,518,загрузка процессора сервера EC2,main_recommended,NAB
288,2014-02-22 17:12:00,39.408,normal,EC2 CPU utilization,%,520,загрузка процессора сервера EC2,main_recommended,NAB
289,2014-02-22 17:52:00,50.104,normal,EC2 CPU utilization,%,522,загрузка процессора сервера EC2,main_recommended,NAB
290,2014-02-22 18:42:00,46.338,normal,EC2 CPU utilization,%,524,загрузка процессора сервера EC2,main_recommended,NAB
291,2014-02-22 19:02:00,40.446,normal,EC2 CPU utilization,%,525,загрузка процессора сервера EC2,main_recommended,NAB
292,2014-02-22 19:52:00,39.32,normal,EC2 CPU utilization,%,527,загрузка процессора сервера EC2,main_recommended,NAB
293,2014-02-22 20:27:00,41.666,normal,EC2 CPU utilization,%,529,загрузка процессора сервера EC2,main_recommended,NAB
294,2014-02-22 21:07:00,39.622,normal,EC2 CPU utilization,%,531,загрузка процессора сервера EC2,main_recommended,NAB
295,2014-02-22 21:47:00,43.68600000000001,normal,EC2 CPU utilization,%,533,загрузка процессора сервера EC2,main_recommended,NAB
296,2014-02-22 22:22:00,40.118,normal,EC2 CPU utilization,%,534,загрузка процессора сервера EC2,main_recommended,NAB
297,2014-02-22 23:12:00,39.28,normal,EC2 CPU utilization,%,536,загрузка процессора сервера EC2,main_recommended,NAB
298,2014-02-22 23:47:00,38.31,normal,EC2 CPU utilization,%,538,загрузка процессора сервера EC2,main_recommended,NAB
299,2014-02-23 00:37:00,39.93,normal,EC2 CPU utilization,%,540,загрузка процессора сервера EC2,main_recommended,NAB
300,2014-02-23 01:27:00,39.456,normal,EC2 CPU utilization,%,542,загрузка процессора сервера EC2,main_recommended,NAB
301,2014-02-23 01:32:00,46.918,normal,EC2 CPU utilization,%,543,загрузка процессора сервера EC2,main_recommended,NAB
302,2014-02-23 02:17:00,39.166,normal,EC2 CPU utilization,%,545,загрузка процессора сервера EC2,main_recommended,NAB
303,2014-02-23 03:07:00,41.15,normal,EC2 CPU utilization,%,547,загрузка процессора сервера EC2,main_recommended,NAB
304,2014-02-23 03:57:00,41.42,normal,EC2 CPU utilization,%,549,загрузка процессора сервера EC2,main_recommended,NAB
305,2014-02-23 04:47:00,40.376,normal,EC2 CPU utilization,%,551,загрузка процессора сервера EC2,main_recommended,NAB
306,2014-02-23 04:57:00,45.188,normal,EC2 CPU utilization,%,552,загрузка процессора сервера EC2,main_recommended,NAB
307,2014-02-23 05:42:00,49.062,normal,EC2 CPU utilization,%,554,загрузка процессора сервера EC2,main_recommended,NAB
308,2014-02-23 06:32:00,47.442,normal,EC2 CPU utilization,%,556,загрузка процессора сервера EC2,main_recommended,NAB
309,2014-02-23 07:22:00,44.448,normal,EC2 CPU utilization,%,558,загрузка процессора сервера EC2,main_recommended,NAB
310,2014-02-23 08:12:00,49.19,normal,EC2 CPU utilization,%,560,загрузка процессора сервера EC2,main_recommended,NAB
311,2014-02-23 08:32:00,39.53,normal,EC2 CPU utilization,%,561,загрузка процессора сервера EC2,main_recommended,NAB
312,2014-02-23 09:22:00,38.84,normal,EC2 CPU utilization,%,563,загрузка процессора сервера EC2,main_recommended,NAB
313,2014-02-23 09:47:00,40.492,normal,EC2 CPU utilization,%,565,загрузка процессора сервера EC2,main_recommended,NAB
314,2014-02-23 10:47:00,38.63800000000001,normal,EC2 CPU utilization,%,567,загрузка процессора сервера EC2,main_recommended,NAB
315,2014-02-23 11:37:00,38.618,normal,EC2 CPU utilization,%,569,загрузка процессора сервера EC2,main_recommended,NAB
316,2014-02-23 11:42:00,45.448,normal,EC2 CPU utilization,%,570,загрузка процессора сервера EC2,main_recommended,NAB
317,2014-02-23 12:32:00,48.334,normal,EC2 CPU utilization,%,572,загрузка процессора сервера EC2,main_recommended,NAB
318,2014-02-23 13:07:00,45.084,normal,EC2 CPU utilization,%,574,загрузка процессора сервера EC2,main_recommended,NAB
319,2014-02-23 13:52:00,39.152,normal,EC2 CPU utilization,%,576,загрузка процессора сервера EC2,main_recommended,NAB
320,2014-02-23 14:42:00,40.61,normal,EC2 CPU utilization,%,578,загрузка процессора сервера EC2,main_recommended,NAB
321,2014-02-23 15:17:00,38.56800000000001,normal,EC2 CPU utilization,%,579,загрузка процессора сервера EC2,main_recommended,NAB
322,2014-02-23 15:52:00,41.374,normal,EC2 CPU utilization,%,581,загрузка процессора сервера EC2,main_recommended,NAB
323,2014-02-23 16:32:00,39.742,normal,EC2 CPU utilization,%,583,загрузка процессора сервера EC2,main_recommended,NAB
324,2014-02-23 17:22:00,42.714,normal,EC2 CPU utilization,%,585,загрузка процессора сервера EC2,main_recommended,NAB
325,2014-02-23 18:12:00,38.886,normal,EC2 CPU utilization,%,587,загрузка процессора сервера EC2,main_recommended,NAB
326,2014-02-23 18:42:00,47.176,normal,EC2 CPU utilization,%,588,загрузка процессора сервера EC2,main_recommended,NAB
327,2014-02-23 19:07:00,46.948,normal,EC2 CPU utilization,%,590,загрузка процессора сервера EC2,main_recommended,NAB
328,2014-02-23 20:07:00,47.84,normal,EC2 CPU utilization,%,592,загрузка процессора сервера EC2,main_recommended,NAB
329,2014-02-23 20:57:00,50.61,normal,EC2 CPU utilization,%,594,загрузка процессора сервера EC2,main_recommended,NAB
330,2014-02-23 21:22:00,46.644,normal,EC2 CPU utilization,%,596,загрузка процессора сервера EC2,main_recommended,NAB
331,2014-02-23 21:52:00,42.724,normal,EC2 CPU utilization,%,597,загрузка процессора сервера EC2,main_recommended,NAB
332,2014-02-23 22:32:00,39.86,normal,EC2 CPU utilization,%,599,загрузка процессора сервера EC2,main_recommended,NAB
333,2014-02-23 23:22:00,38.61,normal,EC2 CPU utilization,%,601,загрузка процессора сервера EC2,main_recommended,NAB
334,2014-02-24 00:12:00,39.578,normal,EC2 CPU utilization,%,603,загрузка процессора сервера EC2,main_recommended,NAB
335,2014-02-24 01:02:00,38.882,normal,EC2 CPU utilization,%,605,загрузка процессора сервера EC2,main_recommended,NAB
336,2014-02-24 01:07:00,49.226000000000006,normal,EC2 CPU utilization,%,606,загрузка процессора сервера EC2,main_recommended,NAB
337,2014-02-24 01:57:00,49.35,normal,EC2 CPU utilization,%,608,загрузка процессора сервера EC2,main_recommended,NAB
338,2014-02-24 02:47:00,47.37,normal,EC2 CPU utilization,%,610,загрузка процессора сервера EC2,main_recommended,NAB
339,2014-02-24 04:22:00,39.08,normal,EC2 CPU utilization,%,614,загрузка процессора сервера EC2,main_recommended,NAB
340,2014-02-24 04:27:00,45.846,normal,EC2 CPU utilization,%,615,загрузка процессора сервера EC2,main_recommended,NAB
341,2014-02-24 05:12:00,40.094,normal,EC2 CPU utilization,%,617,загрузка процессора сервера EC2,main_recommended,NAB
342,2014-02-24 06:02:00,39.366,normal,EC2 CPU utilization,%,619,загрузка процессора сервера EC2,main_recommended,NAB
343,2014-02-24 07:02:00,39.098,normal,EC2 CPU utilization,%,621,загрузка процессора сервера EC2,main_recommended,NAB
344,2014-02-24 07:27:00,39.226,normal,EC2 CPU utilization,%,623,загрузка процессора сервера EC2,main_recommended,NAB
345,2014-02-24 07:57:00,51.658,normal,EC2 CPU utilization,%,624,загрузка процессора сервера EC2,main_recommended,NAB
346,2014-02-24 08:47:00,47.112,normal,EC2 CPU utilization,%,626,загрузка процессора сервера EC2,main_recommended,NAB
347,2014-02-24 09:37:00,46.38399999999999,normal,EC2 CPU utilization,%,628,загрузка процессора сервера EC2,main_recommended,NAB
348,2014-02-24 09:52:00,42.432,normal,EC2 CPU utilization,%,629,загрузка процессора сервера EC2,main_recommended,NAB
349,2014-02-24 10:22:00,40.212,anomaly_window_2,EC2 CPU utilization,%,630,загрузка процессора сервера EC2,main_recommended,NAB
350,2014-02-24 10:27:00,47.16,anomaly_window_2,EC2 CPU utilization,%,631,загрузка процессора сервера EC2,main_recommended,NAB
351,2014-02-24 10:52:00,46.784,anomaly_window_2,EC2 CPU utilization,%,632,загрузка процессора сервера EC2,main_recommended,NAB
352,2014-02-24 11:12:00,40.846,anomaly_window_2,EC2 CPU utilization,%,633,загрузка процессора сервера EC2,main_recommended,NAB
353,2014-02-24 12:12:00,39.226,anomaly_window_2,EC2 CPU utilization,%,635,загрузка процессора сервера EC2,main_recommended,NAB
354,2014-02-24 13:02:00,41.174,anomaly_window_2,EC2 CPU utilization,%,637,загрузка процессора сервера EC2,main_recommended,NAB
355,2014-02-24 13:37:00,39.4,anomaly_window_2,EC2 CPU utilization,%,639,загрузка процессора сервера EC2,main_recommended,NAB
356,2014-02-24 14:12:00,41.552,anomaly_window_2,EC2 CPU utilization,%,641,загрузка процессора сервера EC2,main_recommended,NAB
357,2014-02-24 14:52:00,38.944,anomaly_window_2,EC2 CPU utilization,%,642,загрузка процессора сервера EC2,main_recommended,NAB
358,2014-02-24 15:32:00,40.916,anomaly_window_2,EC2 CPU utilization,%,644,загрузка процессора сервера EC2,main_recommended,NAB
359,2014-02-24 16:07:00,40.912,anomaly_window_2,EC2 CPU utilization,%,646,загрузка процессора сервера EC2,main_recommended,NAB
360,2014-02-24 16:57:00,41.808,anomaly_window_2,EC2 CPU utilization,%,648,загрузка процессора сервера EC2,main_recommended,NAB
361,2014-02-24 17:52:00,46.262,anomaly_window_2,EC2 CPU utilization,%,650,загрузка процессора сервера EC2,main_recommended,NAB
362,2014-02-24 18:12:00,39.734,anomaly_window_2,EC2 CPU utilization,%,651,загрузка процессора сервера EC2,main_recommended,NAB
363,2014-02-24 18:42:00,43.1,anomaly_window_2,EC2 CPU utilization,%,653,загрузка процессора сервера EC2,main_recommended,NAB
364,2014-02-24 19:42:00,36.08,anomaly_window_2,EC2 CPU utilization,%,655,загрузка процессора сервера EC2,main_recommended,NAB
365,2014-02-24 20:22:00,35.938,anomaly_window_2,EC2 CPU utilization,%,657,загрузка процессора сервера EC2,main_recommended,NAB
366,2014-02-24 21:02:00,35.984,anomaly_window_2,EC2 CPU utilization,%,659,загрузка процессора сервера EC2,main_recommended,NAB
367,2014-02-24 21:27:00,34.86,anomaly_window_2,EC2 CPU utilization,%,660,загрузка процессора сервера EC2,main_recommended,NAB
368,2014-02-24 22:02:00,37.816,anomaly_window_2,EC2 CPU utilization,%,662,загрузка процессора сервера EC2,main_recommended,NAB
369,2014-02-24 23:07:00,40.516,anomaly_window_2,EC2 CPU utilization,%,664,загрузка процессора сервера EC2,main_recommended,NAB
370,2014-02-24 23:47:00,36.83,anomaly_window_2,EC2 CPU utilization,%,666,загрузка процессора сервера EC2,main_recommended,NAB
371,2014-02-25 00:17:00,36.616,anomaly_window_2,EC2 CPU utilization,%,668,загрузка процессора сервера EC2,main_recommended,NAB
372,2014-02-25 00:57:00,40.204,anomaly_window_2,EC2 CPU utilization,%,669,загрузка процессора сервера EC2,main_recommended,NAB
373,2014-02-25 01:42:00,37.922,anomaly_window_2,EC2 CPU utilization,%,671,загрузка процессора сервера EC2,main_recommended,NAB
374,2014-02-25 02:12:00,36.666,anomaly_window_2,EC2 CPU utilization,%,673,загрузка процессора сервера EC2,main_recommended,NAB
375,2014-02-25 02:37:00,38.742,anomaly_window_2,EC2 CPU utilization,%,674,загрузка процессора сервера EC2,main_recommended,NAB
376,2014-02-25 03:07:00,40.316,normal,EC2 CPU utilization,%,675,загрузка процессора сервера EC2,main_recommended,NAB
377,2014-02-25 03:32:00,37.046,normal,EC2 CPU utilization,%,676,загрузка процессора сервера EC2,main_recommended,NAB
378,2014-02-25 03:57:00,40.798,normal,EC2 CPU utilization,%,677,загрузка процессора сервера EC2,main_recommended,NAB
379,2014-02-25 04:02:00,37.816,normal,EC2 CPU utilization,%,678,загрузка процессора сервера EC2,main_recommended,NAB
380,2014-02-25 05:07:00,40.54,normal,EC2 CPU utilization,%,680,загрузка процессора сервера EC2,main_recommended,NAB
381,2014-02-25 05:42:00,39.366,normal,EC2 CPU utilization,%,682,загрузка процессора сервера EC2,main_recommended,NAB
382,2014-02-25 06:32:00,38.868,normal,EC2 CPU utilization,%,684,загрузка процессора сервера EC2,main_recommended,NAB
383,2014-02-25 07:07:00,39.642,normal,EC2 CPU utilization,%,686,загрузка процессора сервера EC2,main_recommended,NAB
384,2014-02-25 07:27:00,35.31,normal,EC2 CPU utilization,%,687,загрузка процессора сервера EC2,main_recommended,NAB
385,2014-02-25 08:17:00,37.41,normal,EC2 CPU utilization,%,689,загрузка процессора сервера EC2,main_recommended,NAB
386,2014-02-25 09:07:00,39.548,normal,EC2 CPU utilization,%,691,загрузка процессора сервера EC2,main_recommended,NAB
387,2014-02-25 09:57:00,39.672,normal,EC2 CPU utilization,%,693,загрузка процессора сервера EC2,main_recommended,NAB
388,2014-02-25 10:22:00,38.968,normal,EC2 CPU utilization,%,695,загрузка процессора сервера EC2,main_recommended,NAB
389,2014-02-25 10:57:00,40.254,normal,EC2 CPU utilization,%,696,загрузка процессора сервера EC2,main_recommended,NAB
390,2014-02-25 11:32:00,36.826,normal,EC2 CPU utilization,%,698,загрузка процессора сервера EC2,main_recommended,NAB
391,2014-02-25 12:17:00,37.512,normal,EC2 CPU utilization,%,700,загрузка процессора сервера EC2,main_recommended,NAB
392,2014-02-25 13:02:00,38.356,normal,EC2 CPU utilization,%,702,загрузка процессора сервера EC2,main_recommended,NAB
393,2014-02-25 13:57:00,41.362,normal,EC2 CPU utilization,%,704,загрузка процессора сервера EC2,main_recommended,NAB
394,2014-02-25 14:12:00,37.816,normal,EC2 CPU utilization,%,705,загрузка процессора сервера EC2,main_recommended,NAB
395,2014-02-25 14:57:00,39.154,normal,EC2 CPU utilization,%,707,загрузка процессора сервера EC2,main_recommended,NAB
396,2014-02-25 15:57:00,40.54,normal,EC2 CPU utilization,%,709,загрузка процессора сервера EC2,main_recommended,NAB
397,2014-02-25 16:22:00,36.714,normal,EC2 CPU utilization,%,711,загрузка процессора сервера EC2,main_recommended,NAB
398,2014-02-25 17:12:00,37.24,normal,EC2 CPU utilization,%,713,загрузка процессора сервера EC2,main_recommended,NAB
399,2014-02-25 17:32:00,36.744,normal,EC2 CPU utilization,%,714,загрузка процессора сервера EC2,main_recommended,NAB
400,2014-02-25 18:22:00,37.112,normal,EC2 CPU utilization,%,716,загрузка процессора сервера EC2,main_recommended,NAB
401,2014-02-25 19:17:00,37.09,normal,EC2 CPU utilization,%,718,загрузка процессора сервера EC2,main_recommended,NAB
402,2014-02-25 19:57:00,39.296,normal,EC2 CPU utilization,%,720,загрузка процессора сервера EC2,main_recommended,NAB
403,2014-02-25 20:32:00,37.724,normal,EC2 CPU utilization,%,722,загрузка процессора сервера EC2,main_recommended,NAB
404,2014-02-25 21:07:00,39.456,normal,EC2 CPU utilization,%,723,загрузка процессора сервера EC2,main_recommended,NAB
405,2014-02-25 21:57:00,40.234,normal,EC2 CPU utilization,%,725,загрузка процессора сервера EC2,main_recommended,NAB
406,2014-02-25 22:42:00,36.972,normal,EC2 CPU utilization,%,727,загрузка процессора сервера EC2,main_recommended,NAB
407,2014-02-25 23:12:00,36.644,normal,EC2 CPU utilization,%,729,загрузка процессора сервера EC2,main_recommended,NAB
408,2014-02-26 00:07:00,40.618,normal,EC2 CPU utilization,%,731,загрузка процессора сервера EC2,main_recommended,NAB
409,2014-02-26 01:12:00,36.268,normal,EC2 CPU utilization,%,734,загрузка процессора сервера EC2,main_recommended,NAB
410,2014-02-26 01:57:00,39.954,normal,EC2 CPU utilization,%,736,загрузка процессора сервера EC2,main_recommended,NAB
411,2014-02-26 02:32:00,37.864,normal,EC2 CPU utilization,%,738,загрузка процессора сервера EC2,main_recommended,NAB
412,2014-02-26 03:27:00,36.254,normal,EC2 CPU utilization,%,740,загрузка процессора сервера EC2,main_recommended,NAB
413,2014-02-26 03:42:00,38.968,normal,EC2 CPU utilization,%,741,загрузка процессора сервера EC2,main_recommended,NAB
414,2014-02-26 04:27:00,36.954,normal,EC2 CPU utilization,%,743,загрузка процессора сервера EC2,main_recommended,NAB
415,2014-02-26 05:17:00,37.668,normal,EC2 CPU utilization,%,745,загрузка процессора сервера EC2,main_recommended,NAB
416,2014-02-26 05:57:00,40.094,normal,EC2 CPU utilization,%,747,загрузка процессора сервера EC2,main_recommended,NAB
417,2014-02-26 06:52:00,36.572,normal,EC2 CPU utilization,%,749,загрузка процессора сервера EC2,main_recommended,NAB
418,2014-02-26 06:57:00,39.912,normal,EC2 CPU utilization,%,750,загрузка процессора сервера EC2,main_recommended,NAB
419,2014-02-26 07:57:00,40.354,normal,EC2 CPU utilization,%,752,загрузка процессора сервера EC2,main_recommended,NAB
420,2014-02-26 08:37:00,39.794,normal,EC2 CPU utilization,%,754,загрузка процессора сервера EC2,main_recommended,NAB
421,2014-02-26 09:32:00,36.808,normal,EC2 CPU utilization,%,756,загрузка процессора сервера EC2,main_recommended,NAB
422,2014-02-26 10:02:00,38.028,normal,EC2 CPU utilization,%,758,загрузка процессора сервера EC2,main_recommended,NAB
423,2014-02-26 10:32:00,38.732,normal,EC2 CPU utilization,%,759,загрузка процессора сервера EC2,main_recommended,NAB
424,2014-02-26 11:07:00,39.61,normal,EC2 CPU utilization,%,761,загрузка процессора сервера EC2,main_recommended,NAB
425,2014-02-26 11:57:00,39.918,normal,EC2 CPU utilization,%,763,загрузка процессора сервера EC2,main_recommended,NAB
426,2014-02-26 12:42:00,38.616,normal,EC2 CPU utilization,%,765,загрузка процессора сервера EC2,main_recommended,NAB
427,2014-02-26 13:22:00,37.724,normal,EC2 CPU utilization,%,767,загрузка процессора сервера EC2,main_recommended,NAB
428,2014-02-26 13:57:00,40.33,normal,EC2 CPU utilization,%,768,загрузка процессора сервера EC2,main_recommended,NAB
429,2014-02-26 14:42:00,37.278,normal,EC2 CPU utilization,%,770,загрузка процессора сервера EC2,main_recommended,NAB
430,2014-02-26 15:12:00,36.832,normal,EC2 CPU utilization,%,772,загрузка процессора сервера EC2,main_recommended,NAB
431,2014-02-26 16:07:00,39.548,normal,EC2 CPU utilization,%,774,загрузка процессора сервера EC2,main_recommended,NAB
432,2014-02-26 16:57:00,39.178,normal,EC2 CPU utilization,%,776,загрузка процессора сервера EC2,main_recommended,NAB
433,2014-02-26 17:07:00,39.778,normal,EC2 CPU utilization,%,777,загрузка процессора сервера EC2,main_recommended,NAB
434,2014-02-26 17:57:00,40.68,normal,EC2 CPU utilization,%,779,загрузка процессора сервера EC2,main_recommended,NAB
435,2014-02-26 18:37:00,38.31,normal,EC2 CPU utilization,%,781,загрузка процессора сервера EC2,main_recommended,NAB
436,2014-02-26 19:32:00,36.76,normal,EC2 CPU utilization,%,783,загрузка процессора сервера EC2,main_recommended,NAB
437,2014-02-26 20:02:00,38.098,normal,EC2 CPU utilization,%,785,загрузка процессора сервера EC2,main_recommended,NAB
438,2014-02-26 20:37:00,36.598,normal,EC2 CPU utilization,%,786,загрузка процессора сервера EC2,main_recommended,NAB
439,2014-02-26 21:12:00,38.052,normal,EC2 CPU utilization,%,788,загрузка процессора сервера EC2,main_recommended,NAB
440,2014-02-26 22:07:00,39.94,normal,EC2 CPU utilization,%,790,загрузка процессора сервера EC2,main_recommended,NAB
441,2014-02-26 22:57:00,40.094,normal,EC2 CPU utilization,%,792,загрузка процессора сервера EC2,main_recommended,NAB
442,2014-02-26 23:42:00,37.582,normal,EC2 CPU utilization,%,794,загрузка процессора сервера EC2,main_recommended,NAB
443,2014-02-26 23:57:00,40.902,normal,EC2 CPU utilization,%,795,загрузка процессора сервера EC2,main_recommended,NAB
444,2014-02-27 00:47:00,37.354,normal,EC2 CPU utilization,%,797,загрузка процессора сервера EC2,main_recommended,NAB
445,2014-02-27 01:22:00,37.958,normal,EC2 CPU utilization,%,799,загрузка процессора сервера EC2,main_recommended,NAB
446,2014-02-27 02:02:00,38.14,normal,EC2 CPU utilization,%,801,загрузка процессора сервера EC2,main_recommended,NAB
447,2014-02-27 02:57:00,39.842,normal,EC2 CPU utilization,%,803,загрузка процессора сервера EC2,main_recommended,NAB
448,2014-02-27 03:17:00,37.536,normal,EC2 CPU utilization,%,804,загрузка процессора сервера EC2,main_recommended,NAB
449,2014-02-27 04:02:00,38.002,normal,EC2 CPU utilization,%,806,загрузка процессора сервера EC2,main_recommended,NAB
450,2014-02-27 04:57:00,39.296,normal,EC2 CPU utilization,%,808,загрузка процессора сервера EC2,main_recommended,NAB
451,2014-02-27 05:42:00,39.04,normal,EC2 CPU utilization,%,810,загрузка процессора сервера EC2,main_recommended,NAB
452,2014-02-27 06:12:00,38.192,normal,EC2 CPU utilization,%,812,загрузка процессора сервера EC2,main_recommended,NAB
453,2014-02-27 06:32:00,36.408,normal,EC2 CPU utilization,%,813,загрузка процессора сервера EC2,main_recommended,NAB
454,2014-02-27 07:22:00,36.996,normal,EC2 CPU utilization,%,815,загрузка процессора сервера EC2,main_recommended,NAB
455,2014-02-27 08:12:00,35.61,normal,EC2 CPU utilization,%,817,загрузка процессора сервера EC2,main_recommended,NAB
456,2014-02-27 09:02:00,36.958,normal,EC2 CPU utilization,%,819,загрузка процессора сервера EC2,main_recommended,NAB
457,2014-02-27 09:32:00,37.414,normal,EC2 CPU utilization,%,821,загрузка процессора сервера EC2,main_recommended,NAB
458,2014-02-27 09:57:00,39.86,normal,EC2 CPU utilization,%,822,загрузка процессора сервера EC2,main_recommended,NAB
459,2014-02-27 10:52:00,36.678,normal,EC2 CPU utilization,%,824,загрузка процессора сервера EC2,main_recommended,NAB
460,2014-02-27 11:27:00,35.376,normal,EC2 CPU utilization,%,826,загрузка процессора сервера EC2,main_recommended,NAB
461,2014-02-27 12:12:00,37.324,normal,EC2 CPU utilization,%,828,загрузка процессора сервера EC2,main_recommended,NAB
462,2014-02-27 12:57:00,39.038,normal,EC2 CPU utilization,%,830,загрузка процессора сервера EC2,main_recommended,NAB
463,2014-02-27 13:27:00,37.206,normal,EC2 CPU utilization,%,831,загрузка процессора сервера EC2,main_recommended,NAB
464,2014-02-27 14:12:00,37.816,normal,EC2 CPU utilization,%,833,загрузка процессора сервера EC2,main_recommended,NAB
465,2014-02-27 15:02:00,40.0,normal,EC2 CPU utilization,%,835,загрузка процессора сервера EC2,main_recommended,NAB
466,2014-02-27 15:37:00,36.972,normal,EC2 CPU utilization,%,837,загрузка процессора сервера EC2,main_recommended,NAB
467,2014-02-27 16:27:00,37.666,normal,EC2 CPU utilization,%,839,загрузка процессора сервера EC2,main_recommended,NAB
468,2014-02-27 16:57:00,40.152,normal,EC2 CPU utilization,%,840,загрузка процессора сервера EC2,main_recommended,NAB
469,2014-02-27 18:17:00,37.784,normal,EC2 CPU utilization,%,844,загрузка процессора сервера EC2,main_recommended,NAB
470,2014-02-27 19:07:00,40.118,normal,EC2 CPU utilization,%,846,загрузка процессора сервера EC2,main_recommended,NAB
471,2014-02-27 19:52:00,39.484,normal,EC2 CPU utilization,%,848,загрузка процессора сервера EC2,main_recommended,NAB
472,2014-02-27 20:02:00,38.146,normal,EC2 CPU utilization,%,849,загрузка процессора сервера EC2,main_recommended,NAB
473,2014-02-27 20:57:00,39.53,normal,EC2 CPU utilization,%,851,загрузка процессора сервера EC2,main_recommended,NAB
474,2014-02-27 21:37:00,38.852,normal,EC2 CPU utilization,%,853,загрузка процессора сервера EC2,main_recommended,NAB
475,2014-02-27 22:17:00,37.782,normal,EC2 CPU utilization,%,855,загрузка процессора сервера EC2,main_recommended,NAB
476,2014-02-27 23:17:00,37.558,normal,EC2 CPU utilization,%,857,загрузка процессора сервера EC2,main_recommended,NAB
477,2014-02-27 23:37:00,39.014,normal,EC2 CPU utilization,%,858,загрузка процессора сервера EC2,main_recommended,NAB
478,2014-02-28 00:07:00,40.822,normal,EC2 CPU utilization,%,860,загрузка процессора сервера EC2,main_recommended,NAB
479,2014-02-28 01:07:00,39.408,normal,EC2 CPU utilization,%,862,загрузка процессора сервера EC2,main_recommended,NAB
480,2014-02-28 01:42:00,38.686,normal,EC2 CPU utilization,%,864,загрузка процессора сервера EC2,main_recommended,NAB
481,2014-02-28 02:32:00,38.08,normal,EC2 CPU utilization,%,866,загрузка процессора сервера EC2,main_recommended,NAB
482,2014-02-28 02:57:00,39.906,normal,EC2 CPU utilization,%,867,загрузка процессора сервера EC2,main_recommended,NAB
483,2014-02-28 03:32:00,39.296,normal,EC2 CPU utilization,%,869,загрузка процессора сервера EC2,main_recommended,NAB
484,2014-02-28 04:12:00,36.944,normal,EC2 CPU utilization,%,871,загрузка процессора сервера EC2,main_recommended,NAB
485,2014-02-28 05:07:00,40.234,normal,EC2 CPU utilization,%,873,загрузка процессора сервера EC2,main_recommended,NAB
486,2014-02-28 05:57:00,40.02,normal,EC2 CPU utilization,%,875,загрузка процессора сервера EC2,main_recommended,NAB
487,2014-02-28 06:12:00,37.91,normal,EC2 CPU utilization,%,876,загрузка процессора сервера EC2,main_recommended,NAB
488,2014-02-28 07:07:00,39.62,normal,EC2 CPU utilization,%,878,загрузка процессора сервера EC2,main_recommended,NAB
489,2014-02-28 07:47:00,39.746,normal,EC2 CPU utilization,%,880,загрузка процессора сервера EC2,main_recommended,NAB
490,2014-02-28 08:37:00,38.428,normal,EC2 CPU utilization,%,882,загрузка процессора сервера EC2,main_recommended,NAB
491,2014-02-28 09:12:00,37.816,normal,EC2 CPU utilization,%,884,загрузка процессора сервера EC2,main_recommended,NAB
492,2014-02-28 09:32:00,36.596,normal,EC2 CPU utilization,%,885,загрузка процессора сервера EC2,main_recommended,NAB
493,2014-02-28 10:12:00,38.086,normal,EC2 CPU utilization,%,887,загрузка процессора сервера EC2,main_recommended,NAB
494,2014-02-28 11:07:00,40.684,normal,EC2 CPU utilization,%,889,загрузка процессора сервера EC2,main_recommended,NAB
495,2014-02-28 11:57:00,39.93,normal,EC2 CPU utilization,%,891,загрузка процессора сервера EC2,main_recommended,NAB
496,2014-02-28 12:27:00,38.114,normal,EC2 CPU utilization,%,893,загрузка процессора сервера EC2,main_recommended,NAB
497,2014-02-28 13:07:00,39.712,normal,EC2 CPU utilization,%,894,загрузка процессора сервера EC2,main_recommended,NAB
498,2014-02-28 13:52:00,37.09,normal,EC2 CPU utilization,%,896,загрузка процессора сервера EC2,main_recommended,NAB
499,2014-02-28 14:22:00,37.718,normal,EC2 CPU utilization,%,898,загрузка процессора сервера EC2,main_recommended,NAB
